<?xml version="1.0" encoding="UTF-8"?>
<beans xmlns="http://www.springframework.org/schema/beans"
	xmlns:xsi="http://www.w3.org/2001/XMLSchema-instance"
	xmlns:context="http://www.springframework.org/schema/context"
	xmlns:mvc="http://www.springframework.org/schema/mvc"
	xsi:schemaLocation="http://www.springframework.org/schema/mvc
				        http://www.springframework.org/schema/mvc/spring-mvc.xsd
				        http://www.springframework.org/schema/beans
				        http://www.springframework.org/schema/beans/spring-beans.xsd
				        http://www.springframework.org/schema/context
				        http://www.springframework.org/schema/context/spring-context.xsd">

	<!-- @author Sudarshan Gowda -->

	<!-- <context:component-scan base-package="com.star.sud.web" /> <mvc:annotation-driven 
		/> -->
	<bean id="templateResolver"
		class="org.thymeleaf.spring4.templateresolver.SpringResourceTemplateResolver">
		<property name="prefix" value="WEB-INF/thymeleaf/" />
		<property name="suffix" value=".html" />
		<property name="templateMode" value="HTML5" />
		<property name="characterEncoding" value="UTF-8" />
		<property name="cacheable" value="false" />
	</bean>


	<bean id="templateEngine"
		class="org.thymeleaf.spring4.SpringTemplateEngine">
		<property name="templateResolvers">
			<set>
				<ref bean="templateResolver" />
			</set>
		</property>
	</bean>

	<bean class="org.thymeleaf.spring4.view.ThymeleafViewResolver">
		<property name="templateEngine" ref="templateEngine" />
	</bean>


</beans>
